id,human_readable_id,community,level,parent,children,title,summary,full_content,rank,rating_explanation,findings,full_content_json,period,size
7a47c3723e484d778b462ad5485122f4,0,0,0,-1,[],SubmissionLog and Application Tracking System,"The community is centered around the SubmissionLog, a database table crucial for auditing and tracking application submissions. It integrates various entities such as SubmissionID, DecisionStatus, IsAccelerated, SubmittedOn, DecisionDate, and OfficeCode, each playing a specific role in the application tracking process. The relationships between these entities ensure a comprehensive system for monitoring the lifecycle of application submissions, from initial submission to final decision.","# SubmissionLog and Application Tracking System

The community is centered around the SubmissionLog, a database table crucial for auditing and tracking application submissions. It integrates various entities such as SubmissionID, DecisionStatus, IsAccelerated, SubmittedOn, DecisionDate, and OfficeCode, each playing a specific role in the application tracking process. The relationships between these entities ensure a comprehensive system for monitoring the lifecycle of application submissions, from initial submission to final decision.

## Central Role of SubmissionLog

SubmissionLog serves as the central entity in this community, acting as the primary database table for tracking application submissions. It is designed to capture and store essential information about each application, ensuring that all relevant data is systematically recorded and easily accessible. This centralization of data is crucial for maintaining the integrity and efficiency of the application process, as it allows for comprehensive auditing and tracking of submissions [Data: Entities (4); Relationships (3, 4, 5, 6, 7, 8)].

## Unique Identification through SubmissionID

The SubmissionID is a unique identifier for each application submission within the SubmissionLog. This identifier is essential for tracking individual applications throughout their lifecycle, ensuring that each submission can be accurately monitored and referenced. The use of a unique identifier helps prevent errors and confusion, particularly in systems handling large volumes of data [Data: Entities (5); Relationships (3)].

## Tracking Application Outcomes with DecisionStatus

DecisionStatus is a critical component of the SubmissionLog, indicating the current status of an application, such as Approved, Rejected, or Pending. This information is vital for applicants and administrators alike, as it provides transparency and clarity regarding the outcome of each submission. By recording the DecisionStatus, the system ensures that all stakeholders are informed of the application's progress and final decision [Data: Entities (6); Relationships (4)].

## Efficiency through IsAccelerated

IsAccelerated is a boolean field within the SubmissionLog that indicates whether a submission underwent instant underwriting. This feature is particularly important for applications requiring expedited processing, as it allows for quick identification and prioritization of such submissions. The inclusion of IsAccelerated in the tracking system enhances the overall efficiency and responsiveness of the application process [Data: Entities (7); Relationships (5)].

## Temporal Tracking with SubmittedOn and DecisionDate

The SubmittedOn and DecisionDate fields in the SubmissionLog are essential for temporal tracking of applications. SubmittedOn records the date when an application was initially submitted, while DecisionDate captures the date when the final decision was made. These timestamps are crucial for auditing purposes, as they provide a clear timeline of the application's journey through the system. This temporal data is invaluable for performance analysis and process optimization [Data: Entities (8, 9); Relationships (6, 7)].

## OfficeCode for Organizational Accountability

OfficeCode is used within the SubmissionLog to identify the office responsible for handling each submission. This information is critical for organizational accountability, as it allows for the tracking of submissions at the office level. By associating each application with a specific office, the system ensures that responsibilities are clearly defined and that any issues can be promptly addressed at the appropriate level [Data: Entities (10); Relationships (8)].",7.5,The impact severity rating is high due to the critical role of the SubmissionLog in ensuring the integrity and efficiency of the application tracking process.,"[{'explanation': 'SubmissionLog serves as the central entity in this community, acting as the primary database table for tracking application submissions. It is designed to capture and store essential information about each application, ensuring that all relevant data is systematically recorded and easily accessible. This centralization of data is crucial for maintaining the integrity and efficiency of the application process, as it allows for comprehensive auditing and tracking of submissions [Data: Entities (4); Relationships (3, 4, 5, 6, 7, 8)].', 'summary': 'Central Role of SubmissionLog'}
 {'explanation': 'The SubmissionID is a unique identifier for each application submission within the SubmissionLog. This identifier is essential for tracking individual applications throughout their lifecycle, ensuring that each submission can be accurately monitored and referenced. The use of a unique identifier helps prevent errors and confusion, particularly in systems handling large volumes of data [Data: Entities (5); Relationships (3)].', 'summary': 'Unique Identification through SubmissionID'}
 {'explanation': ""DecisionStatus is a critical component of the SubmissionLog, indicating the current status of an application, such as Approved, Rejected, or Pending. This information is vital for applicants and administrators alike, as it provides transparency and clarity regarding the outcome of each submission. By recording the DecisionStatus, the system ensures that all stakeholders are informed of the application's progress and final decision [Data: Entities (6); Relationships (4)]."", 'summary': 'Tracking Application Outcomes with DecisionStatus'}
 {'explanation': 'IsAccelerated is a boolean field within the SubmissionLog that indicates whether a submission underwent instant underwriting. This feature is particularly important for applications requiring expedited processing, as it allows for quick identification and prioritization of such submissions. The inclusion of IsAccelerated in the tracking system enhances the overall efficiency and responsiveness of the application process [Data: Entities (7); Relationships (5)].', 'summary': 'Efficiency through IsAccelerated'}
 {'explanation': ""The SubmittedOn and DecisionDate fields in the SubmissionLog are essential for temporal tracking of applications. SubmittedOn records the date when an application was initially submitted, while DecisionDate captures the date when the final decision was made. These timestamps are crucial for auditing purposes, as they provide a clear timeline of the application's journey through the system. This temporal data is invaluable for performance analysis and process optimization [Data: Entities (8, 9); Relationships (6, 7)]."", 'summary': 'Temporal Tracking with SubmittedOn and DecisionDate'}
 {'explanation': 'OfficeCode is used within the SubmissionLog to identify the office responsible for handling each submission. This information is critical for organizational accountability, as it allows for the tracking of submissions at the office level. By associating each application with a specific office, the system ensures that responsibilities are clearly defined and that any issues can be promptly addressed at the appropriate level [Data: Entities (10); Relationships (8)].', 'summary': 'OfficeCode for Organizational Accountability'}]","{
    ""title"": ""SubmissionLog and Application Tracking System"",
    ""summary"": ""The community is centered around the SubmissionLog, a database table crucial for auditing and tracking application submissions. It integrates various entities such as SubmissionID, DecisionStatus, IsAccelerated, SubmittedOn, DecisionDate, and OfficeCode, each playing a specific role in the application tracking process. The relationships between these entities ensure a comprehensive system for monitoring the lifecycle of application submissions, from initial submission to final decision."",
    ""findings"": [
        {
            ""summary"": ""Central Role of SubmissionLog"",
            ""explanation"": ""SubmissionLog serves as the central entity in this community, acting as the primary database table for tracking application submissions. It is designed to capture and store essential information about each application, ensuring that all relevant data is systematically recorded and easily accessible. This centralization of data is crucial for maintaining the integrity and efficiency of the application process, as it allows for comprehensive auditing and tracking of submissions [Data: Entities (4); Relationships (3, 4, 5, 6, 7, 8)].""
        },
        {
            ""summary"": ""Unique Identification through SubmissionID"",
            ""explanation"": ""The SubmissionID is a unique identifier for each application submission within the SubmissionLog. This identifier is essential for tracking individual applications throughout their lifecycle, ensuring that each submission can be accurately monitored and referenced. The use of a unique identifier helps prevent errors and confusion, particularly in systems handling large volumes of data [Data: Entities (5); Relationships (3)].""
        },
        {
            ""summary"": ""Tracking Application Outcomes with DecisionStatus"",
            ""explanation"": ""DecisionStatus is a critical component of the SubmissionLog, indicating the current status of an application, such as Approved, Rejected, or Pending. This information is vital for applicants and administrators alike, as it provides transparency and clarity regarding the outcome of each submission. By recording the DecisionStatus, the system ensures that all stakeholders are informed of the application's progress and final decision [Data: Entities (6); Relationships (4)].""
        },
        {
            ""summary"": ""Efficiency through IsAccelerated"",
            ""explanation"": ""IsAccelerated is a boolean field within the SubmissionLog that indicates whether a submission underwent instant underwriting. This feature is particularly important for applications requiring expedited processing, as it allows for quick identification and prioritization of such submissions. The inclusion of IsAccelerated in the tracking system enhances the overall efficiency and responsiveness of the application process [Data: Entities (7); Relationships (5)].""
        },
        {
            ""summary"": ""Temporal Tracking with SubmittedOn and DecisionDate"",
            ""explanation"": ""The SubmittedOn and DecisionDate fields in the SubmissionLog are essential for temporal tracking of applications. SubmittedOn records the date when an application was initially submitted, while DecisionDate captures the date when the final decision was made. These timestamps are crucial for auditing purposes, as they provide a clear timeline of the application's journey through the system. This temporal data is invaluable for performance analysis and process optimization [Data: Entities (8, 9); Relationships (6, 7)].""
        },
        {
            ""summary"": ""OfficeCode for Organizational Accountability"",
            ""explanation"": ""OfficeCode is used within the SubmissionLog to identify the office responsible for handling each submission. This information is critical for organizational accountability, as it allows for the tracking of submissions at the office level. By associating each application with a specific office, the system ensures that responsibilities are clearly defined and that any issues can be promptly addressed at the appropriate level [Data: Entities (10); Relationships (8)].""
        }
    ],
    ""rating"": 7.5,
    ""rating_explanation"": ""The impact severity rating is high due to the critical role of the SubmissionLog in ensuring the integrity and efficiency of the application tracking process.""
}",2025-07-30,7
